Player ID,Player Name,Filiaal Type,Filiaal Code,Aantal players 509
6,NL_AB0101_Roosendaal_Horeca-1,AB,101,
11,NL_AB0101_Roosendaal_Horeca-2,AB,101,
12,NL_AB0101_Roosendaal_Horeca-3,AB,101,
13,NL_AB0101_Roosendaal_Winkel,AB,101,
14,NL_AB0103_Wassenaar_Horeca_1,AB,103,
15,NL_AB0103_Wassenaar_Horeca_2,AB,103,
18,NL_AB0103_Wassenaar_Take_Away_1,AB,103,
19,NL_AB0104_Heerenveen_Dracht_Horeca_1,AB,104,
20,NL_AB0104_Heerenveen_Dracht_Horeca_2,AB,104,
23,NL_AB0104_Heerenveen_Dracht_Horeca_3,AB,104,
24,NL_AB0105_Sneek_Horeca-1,AB,105,
25,NL_AB0105_Sneek_Horeca-2,AB,105,
29,NL_AB0105_Sneek_Horeca-3,AB,105,
64,NL_AB0105_Sneek_TA-1,AB,105,
65,NL_AB0105_Sneek_TA-2,AB,105,
66,NL_AB0109_Veenendaal_Horeca_Dual,AB,109,
67,NL_AB0109_Veenendaal_Horeca-1,AB,109,
68,NL_AB0109_Veenendaal_Take_Away_Dual,AB,109,
69,NL_AB0111_Goes_Horeca_Dual,AB,111,
71,NL_AB0111_Goes_Horeca_TA,AB,111,
72,NL_AB0111_Goes_Horeca-3,AB,111,
73,NL_AB0111_Goes_Horecawand,AB,111,
93,NL_AB0117_Winterswijk_Horeca_1,AB,117,
94,NL_AB0117_Winterswijk_Horeca_2,AB,117,
95,NL_AB0117_Winterswijk_Horeca_3,AB,117,
101,NL_AB0117_Winterswijk_Horeca_4,AB,117,
102,NL_AB0118_Hoogeveen_Horeca_Dual-1,AB,118,
104,NL_AB0118_Hoogeveen_Horeca_Dual-2,AB,118,
105,NL_AB0118_Hoogeveen_Koffiemeubel,AB,118,
106,NL_AB0127_Wageningen_Horeca-1,AB,127,
107,NL_AB0127_Wageningen_Horeca-2,AB,127,
108,NL_AB0127_Wageningen_Horeca-3,AB,127,
109,NL_AB0128_Dokkum_Horecawand-1,AB,128,
110,NL_AB0128_Dokkum_Horecawand-2,AB,128,
111,NL_AB0130_Hoorn_Horeca_1,AB,130,
112,NL_AB0130_Hoorn_Horeca_2,AB,130,
113,NL_AB0130_Hoorn_Horeca_3,AB,130,
114,NL_AB0130_Hoorn_TA_1,AB,130,
115,NL_AB0130_Hoorn_TA_2,AB,130,
116,NL_AB0134_Houten_Het-Rond_TA-1,AB,134,
117,NL_AB0134_Houten_Het-Rond_TA-2,AB,134,
118,NL_AB0135_Delfzijl_Horeca-1,AB,135,
119,NL_AB0135_Delfzijl_Horeca-2,AB,135,
121,NL_AB0136_Kampen_Horeca-1,AB,136,
122,NL_AB0136_Kampen_Horeca-2,AB,136,
123,NL_AB0136_Kampen_Horeca-3,AB,136,
124,NL_AB0136_Kampen_Horeca-4,AB,136,
125,NL_AB0136_Kampen_Horecawand,AB,136,
126,NL_AB0140_Culemborg_Horeca_DUAL,AB,140,
127,NL_AB0141_Naaldwijk_Horeca-2,AB,141,
128,NL_AB0142_Zaltbommel_Horeca_1,AB,142,
129,NL_AB0142_Zaltbommel_Horeca_2,AB,142,
130,NL_AB0142_Zaltbommel_Horeca_3,AB,142,
131,NL_AB0146_Nieuw-Vennep_Horeca_1,AB,146,
132,NL_AB0146_Nieuw-Vennep_Horeca_2,AB,146,
133,NL_AB0146_Nieuw-Vennep_Take_Away_1,AB,146,
134,NL_AB0148_Sliedrecht_Horeca-1,AB,148,
135,NL_AB0148_Sliedrecht_Horeca-2,AB,148,
136,NL_AB0148_Sliedrecht_TA,AB,148,
137,NL_AB0149_Zierikzee_Cafe_1,AB,149,
138,NL_AB0149_Zierikzee_Cafe_2,AB,149,
139,NL_AB0149_Zierikzee_Cafe_3,AB,149,
140,NL_AB0149_Zierikzee_Cafe_4_65,AB,149,
141,NL_AB0149_Zierikzee_TA_1,AB,149,
142,NL_AB0149_Zierikzee_TA_2,AB,149,
143,NL_AB0149_Zierikzee_TA_3,AB,149,
144,NL_AB0149_Zierikzee_trap_65,AB,149,
145,NL_AB0152_Emmeloord_Horeca-1,AB,152,
146,NL_AB0152_Emmeloord_Horeca-2,AB,152,
147,NL_AB0160_Putten_Cafe_1,AB,160,
149,NL_AB0160_Putten_Cafe_2,AB,160,
150,NL_AB0160_Putten_Cafe_3,AB,160,
151,NL_AB0161_Epe_Horeca_3,AB,161,
152,NL_AB0161_Epe_Horeca_DUAL,AB,161,
153,NL_AB0162_Hoofddorp_Horeca-1,AB,162,
154,NL_AB0162_Hoofddorp_Horeca-2,AB,162,
155,NL_AB0162_Hoofddorp_Horeca-3,AB,162,
156,NL_AB0162_Hoofddorp_Horeca-4,AB,162,
157,NL_AB0162_Hoofddorp_Horeca-5,AB,162,
158,NL_AB0162_Hoofddorp_Horeca-6,AB,162,
159,NL_AB0162_Hoofddorp_Koffie,AB,162,
160,NL_AB0162_Hoofddorp_TA-1,AB,162,
178,NL_AB0162_Hoofddorp_TA-2,AB,162,
179,NL_AB0162_Hoofddorp_Toiletwand,AB,162,
180,NL_AB0163_Joure_Horeca-1,AB,163,
181,NL_AB0163_Joure_Horeca-2,AB,163,
185,NL_AB0167_Harderwijk_Horeca-1,AB,167,
188,NL_AB0167_Harderwijk_Horeca-2,AB,167,
192,NL_AB0167_Harderwijk_Horeca-3,AB,167,
193,NL_AB0167_Harderwijk_Horeca-4,AB,167,
243,NL_AB0167_Harderwijk_Horecawand,AB,167,
244,NL_AB0167_Harderwijk_TA-3,AB,167,
245,NL_AB0167_Harderwijk_TA-4,AB,167,
250,NL_AB0169_Hoogezand_Cafe_1,AB,169,
257,NL_AB0169_Hoogezand_Cafe_2,AB,169,
261,NL_AB0169_Hoogezand_Cafe_3,AB,169,
263,NL_AB0169_Hoogezand_Cafe_4,AB,169,
264,NL_AB0169_Hoogezand_Take_Away_1,AB,169,
265,NL_AB0169_Hoogezand_Take_Away_2,AB,169,
266,NL_AB0169_Hoogezand_Take_Away_3,AB,169,
267,NL_AB0174_Coevorden_Horeca_DUAL,AB,174,
268,NL_AB0180_Veldhoven_Horeca_Zaal_Links,AB,180,
269,NL_AB0180_Veldhoven_Horeca_Zaal_Rechts,AB,180,
270,NL_AB0180_Veldhoven_Horeca-1,AB,180,
281,NL_AB0180_Veldhoven_Horeca-2 NIEUW,AB,180,
283,NL_AB0180_Veldhoven_Horeca-3_,AB,180,
284,NL_AB0180_Veldhoven_Horeca-4 NIEUW,AB,180,
285,NL_AB0180_Veldhoven_Horeca-5_,AB,180,
291,NL_AB0180_Veldhoven_Horeca-6 NIEUW,AB,180,
292,NL_AB0180_Veldhoven_Horeca-7_,AB,180,
293,NL_AB0180_Veldhoven_Horecawand,AB,180,
294,NL_AB0180_Veldhoven_TA_1,AB,180,
296,NL_AB0180_Veldhoven_TA_2,AB,180,
297,NL_AB0181_Den_Burg_Horeca_1,AB,181,
300,NL_AB0181_Den_Burg_Horeca_2,AB,181,
301,NL_AB0182_Heiloo_Horeca_DUAL,AB,182,
302,NL_AB0189_Roden_Restaurant_1,AB,189,
303,NL_AB0189_Roden_Restaurant_2,AB,189,
304,NL_AB0189_Roden_Restaurant_3,AB,189,
307,NL_AB0191_Boxtel_Horeca-1,AB,191,
308,NL_AB0191_Boxtel_Horeca-2,AB,191,
315,NL_AB0191_Boxtel_Horeca-3,AB,191,
316,NL_AB0192_Budel_Horeca-1,AB,192,
317,NL_AB0192_Budel_Horeca-2,AB,192,
318,NL_AB0192_Budel_Horecawand,AB,192,
319,NL_AB0199_Schagen_Horeca_1,AB,199,
320,NL_AB0199_Schagen_Horeca_2,AB,199,
321,NL_AB0205_Schijndel_Horeca 1,AB,205,
322,NL_AB0205_Schijndel_Horeca 2,AB,205,
323,NL_AB0205_Schijndel_Winkel,AB,205,
324,NL_AB0206_Leerdam_Horeca_1,AB,206,
325,NL_AB0206_Leerdam_Horeca_2,AB,206,
326,NL_AB0207_Ermelo_Restaurant_1,AB,207,
328,NL_AB0207_Ermelo_Restaurant_2,AB,207,
333,NL_AB0207_Ermelo_TA_1,AB,207,
334,NL_AB0209_Middelharnis_Horeca-1,AB,209,
335,NL_AB0209_Middelharnis_Horeca-2,AB,209,
394,NL_AB0209_Middelharnis_Horeca-3,AB,209,
410,NL_AB0209_Middelharnis_Horeca-4,AB,209,
411,NL_AB0212_Maarssenbroek_Horeca_1,AB,212,
413,NL_AB0212_Maarssenbroek_Horeca_2,AB,212,
414,NL_AB0212_Maarssenbroek_Horeca_3,AB,212,
415,NL_AB0212_Maarssenbroek_Horeca_Dual,AB,212,
442,NL_AB0217_Maassluis_Dual_TA_1_2,AB,217,
443,NL_AB0217_Maassluis_Horeca-1,AB,217,
444,NL_AB0217_Maassluis_Horeca-2,AB,217,
457,NL_AB0217_Maassluis_Horeca-3,AB,217,
458,NL_AB0217_Maassluis_Horeca-4,AB,217,
459,NL_AB0217_Maassluis_Horeca-5,AB,217,
460,NL_AB0217_Maassluis_Horeca-6,AB,217,
562,NL_AB0217_Maassluis_Horeca-7,AB,217,
592,NL_AB0217_Maassluis_TA-3,AB,217,
611,NL_AB0217_Maassluis_TA-4,AB,217,
622,NL_AB0217_Maassluis_Tafel-1,AB,217,
623,NL_AB0217_Maassluis_Tafel-2,AB,217,
624,NL_AB0217_Maassluis_Vleeswaren,AB,217,
644,NL_AB0218_Deurne_Horeca_DUAL,AB,218,
773,NL_AB0222_Wijchen_Horeca-1,AB,222,
774,NL_AB0222_Wijchen_Horeca-2_Dual,AB,222,
776,NL_AB0222_Wijchen_TA,AB,222,
777,NL_AB0223_Oud_Beijerland_Horeca_1,AB,223,
778,NL_AB0223_Oud_Beijerland_Horeca_2,AB,223,
782,NL_AB0226_Zwijndrecht_Horeca_1,AB,226,
784,NL_AB0226_Zwijndrecht_Horeca_2,AB,226,
785,NL_AB0226_Zwijndrecht_Horeca_3,AB,226,
786,NL_AB0226_Zwijndrecht_Horeca_Schap,AB,226,
787,NL_AB0226_Zwijndrecht_Take_Away_1,AB,226,
790,NL_AB0226_Zwijndrecht_Take_Away_2,AB,226,
793,NL_AB0227_Haaksbergen_Horeca_DUAL,AB,227,
795,NL_AB0227_Haaksbergen_Horeca-3,AB,227,
813,NL_AB0227_Haaksbergen_Horecawand,AB,227,
814,NL_AB0234_Almere-buiten_Horeca-1_DUAL,AB,234,
824,NL_AB0234_Almere-buiten_Horeca-2_DUAL,AB,234,
825,NL_AB0234_Almere-buiten_Klantenservice,AB,234,
832,NL_AB0234_Almere-buiten_TA-1_DUAL,AB,234,
833,NL_AB0234_Almere-buiten_TA-2_DUAL,AB,234,
834,NL_AB0622_Ouddorp_Horeca-1,AB,622,
835,NL_AB0622_Ouddorp_Horeca-2,AB,622,
838,NL_AB0622_Ouddorp_TA-1,AB,622,
839,NL_AB0622_Ouddorp_TA-2,AB,622,
840,NL_AB0903_Waddinxveen_Horeca_Dual,AB,903,
841,NL_AB0903_Waddinxveen_Horeca_Dual_2,AB,903,
847,NL_AB0935_Borculo_Horeca-1,AB,935,
849,NL_AB0935_Borculo_Horeca-2_DUAL,AB,935,
850,NL_AB106_Spijkenisse_TakeAway_1,AB,106,
851,NL_AB106_Spijkenisse_TakeAway_2,AB,106,
858,NL_AB107_Meppel_Horeca_1,AB,107,
859,NL_AB107_Meppel_Horeca_2,AB,107,
862,NL_AB107_Meppel_Horeca_3,AB,107,
863,NL_AB110_Zutphen_Horeca_1,AB,110,
865,NL_AB110_Zutphen_Horeca_2,AB,110,
866,NL_AB110_Zutphen_Take_Away,AB,110,
867,NL_AB116_Drachten_Horeca_1,AB,116,
870,NL_AB116_Drachten_Horeca_2,AB,116,
871,NL_AB116_Drachten_Horeca_3,AB,116,
872,NL_AB116_Drachten_Take_Away_1,AB,116,
873,NL_AB116_Drachten_Take_Away_2,AB,116,
877,NL_AB122_Papendrecht_Cafe_1,AB,122,
878,NL_AB122_Papendrecht_Cafe_2,AB,122,
879,NL_AB122_Papendrecht_Cafe_3,AB,122,
880,NL_AB122_Papendrecht_Take_Away,AB,122,
881,NL_AB131_Veendam_Cafe_1,AB,131,
882,NL_AB131_Veendam_Cafe_2,AB,131,
887,NL_AB131_Veendam_Cafe_3,AB,131,
888,NL_AB131_Veendam_Take_Away,AB,131,
902,NL_AB139_Gorinchem_Horeca_1,AB,139,
903,NL_AB139_Gorinchem_Horeca_2,AB,139,
904,NL_AB139_Gorinchem_Horeca_3,AB,139,
905,NL_AB139_Gorinchem_Horeca_4,AB,139,
907,NL_AB139_Gorinchem_Take_Away_1,AB,139,
908,NL_AB139_Gorinchem_Take_Away_2,AB,139,
909,NL_AB139_Gorinchem_Take_Away_3,AB,139,
913,NL_AB139_Gorinchem_Take_Away_4,AB,139,
914,NL_AB147_Steenwijk_Horeca_1,AB,147,
915,NL_AB147_Steenwijk_Horeca_2,AB,147,
918,NL_AB150_Bolsward_Horeca_1,AB,150,
919,NL_AB150_Bolsward_Horeca_2,AB,150,
925,NL_AB150_Bolsward_Horeca_3,AB,150,
926,NL_AB150_Bolsward_Horeca_4,AB,150,
928,NL_AB165_Mijdrecht_Cafe_1,AB,165,
929,NL_AB165_Mijdrecht_Cafe_2,AB,165,
930,NL_AB165_Mijdrecht_Cafe_3,AB,165,
932,NL_AB166_Nunspeet_Horeca_1,AB,166,
933,NL_AB166_Nunspeet_Horeca_2,AB,166,
945,NL_AB166_Nunspeet_Horeca_3,AB,166,
946,NL_AB166_Nunspeet_Take_Away_1,AB,166,
947,NL_AB170_Wolvega_Horeca_1,AB,170,
949,NL_AB170_Wolvega_Horeca_2,AB,170,
950,NL_AB170_Wolvega_Horeca_3,AB,170,
951,NL_AB173_Valkenswaard_Achterwand,AB,173,
952,NL_AB173_Valkenswaard_Cafe_1,AB,173,
953,NL_AB173_Valkenswaard_Cafe_2,AB,173,
954,NL_AB173_Valkenswaard_Cafe_3,AB,173,
957,NL_AB173_Valkenswaard_Dames,AB,173,
958,NL_AB175_Valkenburg_Horeca_2,AB,175,
959,NL_AB175_Valkenburg_Horeca_3_P,AB,175,
960,NL_AB175_Valkenburg_Horeca-1,AB,175,
963,NL_AB176_Ommen_Horeca_1,AB,176,
966,NL_AB176_Ommen_Horeca_2,AB,176,
967,NL_AB188_Wijk_Bij_Duurstede_Horeca,AB,188,
971,NL_AB190_Beilen_Cafe_1,AB,190,
973,NL_AB190_Beilen_Cafe_2,AB,190,
974,NL_AB190_Beilen_Cafe_3,AB,190,
975,NL_AB194_Heerhugowaard_Achterwand,AB,194,
978,NL_AB194_Heerhugowaard_Cafe_1,AB,194,
981,NL_AB194_Heerhugowaard_Cafe_2,AB,194,
983,NL_AB194_Heerhugowaard_Cafe_3,AB,194,
984,NL_AB194_Heerhugowaard_Horeca_1,AB,194,
985,NL_AB194_Heerhugowaard_Horeca_2,AB,194,
990,NL_AB195_Oldenzaal_Horeca_1,AB,195,
993,NL_AB195_Oldenzaal_Horeca_2,AB,195,
994,NL_AB195_Oldenzaal_TA_1,AB,195,
998,NL_AB198_Franeker_Horeca_1,AB,198,
1000,NL_AB198_Franeker_Horeca_2,AB,198,
1001,NL_AB204_Noordwijk_Horeca_1,AB,204,
1002,NL_AB204_Noordwijk_Horeca_2,AB,204,
1005,NL_AB204_Noordwijk_Horeca_3,AB,204,
1006,NL_AB204_Noordwijk_Horeca_4,AB,204,
1007,NL_AB213_Panningen_Horeca_1,AB,213,
1016,NL_AB213_Panningen_Horeca_2,AB,213,
1017,NL_AB213_Panningen_Horeca_3,AB,213,
1018,NL_AB213_Panningen_Horeca_4,AB,213,
1024,NL_AB214_Zeewolde_Take_Away_1,AB,214,
1025,NL_AB214_Zeewolde_Take_Away_2,AB,214,
1026,NL_AB229_Leek_Horeca_2,AB,229,
1027,NL_AB229_Leek_Horeca_3,AB,229,
1028,NL_AB2302_Houten-Castellum_Schap-1,AB,2302,
1032,NL_AB2302_Houten-Castellum_Schap-2,AB,2302,
1033,NL_AB2302_Houten-Castellum_Schap-3,AB,2302,
1034,NL_AB2302_Houten-Castellum_Schap-4,AB,2302,
1037,NL_AB2302_Houten-Castellum_Schap-5,AB,2302,
1038,NL_AB2302_Houten-Castellum_Schap-6,AB,2302,
1039,NL_AB231_Huizen_Horeca_1,AB,231,
1045,NL_AB231_Huizen_Horeca_2,AB,231,
1049,NL_AB231_Huizen_Horeca_3,AB,231,
1052,NL_AB231_Huizen_Horeca_4,AB,231,
1053,NL_AB231_Huizen_Horeca_5,AB,231,
1059,NL_AB942_Stiens_Horeca_1,AB,942,
1060,NL_AB942_Stiens_Horeca_2,AB,942,
1061,NL_AB949_Dalfsen_Horeca_1,AB,949,
1063,NL_AB949_Dalfsen_Horeca_2,AB,949,
1064,NL_AB949_Dalfsen_Horeca_3,AB,949,
1065,NL_AB959_Puttershoek_Horeca_01,AB,959,
1076,NL_AB965_Zuidhorn_Cafe,AB,965,
1077,NL_EV0003_Rotterdam_Beursplein_Horeca-1,EV,3,
1078,NL_EV0003_Rotterdam_Beursplein_Horeca-2,EV,3,
1079,NL_EV0003_Rotterdam_Beursplein_Horeca-3,EV,3,
1080,NL_EV0003_Rotterdam_Beursplein_Horeca-4,EV,3,
1081,NL_EV0003_Rotterdam_Beursplein_Horeca-5,EV,3,
1082,NL_EV0003_Rotterdam_Beursplein_Horeca-6,EV,3,
1083,NL_EV0003_Rotterdam_Beursplein_Horeca-7,EV,3,
1084,NL_EV0003_Rotterdam_Beursplein_Horeca-8,EV,3,
1085,NL_EV0003_Rotterdam_Beursplein_Horeca-9,EV,3,
1087,NL_EV0004_Nijmegen_Centrum_Horeca-1,EV,4,
1088,NL_EV0004_Nijmegen_Centrum_Horeca-2,EV,4,
1089,NL_EV0004_Nijmegen_Centrum_Horeca-3,EV,4,
1092,NL_EV0004_Nijmegen_Centrum_Horeca-4,EV,4,
1093,NL_EV0004_Nijmegen_Centrum_Horeca-5,EV,4,
1094,NL_EV0004_Nijmegen_Centrum_Horeca-6,EV,4,
1095,NL_EV0004_Nijmegen_Centrum_TA-1,EV,4,
1096,NL_EV0004_Nijmegen_Centrum_TA-2,EV,4,
1097,NL_EV0004_Nijmegen_Centrum_TA-3,EV,4,
1098,NL_EV0005_Groningen_Horeca-1,EV,5,
1099,NL_EV0005_Groningen_Horeca-2,EV,5,
1100,NL_EV0005_Groningen_Horeca-3,EV,5,
1101,NL_EV0005_Groningen_Horeca-4,EV,5,
1102,NL_EV0005_Groningen_Horeca-5,EV,5,
1103,NL_EV0005_Groningen_Horeca-6,EV,5,
1104,NL_EV0006_Tilburg_Horeca-3,EV,6,
1106,NL_EV0006_Tilburg_Horeca-4,EV,6,
1110,NL_EV0006_Tilburg_Horeca-5,EV,6,
1111,NL_EV0006_Tilburg_TA-1,EV,6,
1112,NL_EV0006_Tilburg_TA-2,EV,6,
1113,NL_EV0006_Tilburg_TA-3,EV,6,
1114,NL_EV0009_Eindhoven_Centrum_Horeca-1,EV,9,
1115,NL_EV0009_Eindhoven_Centrum_Horeca-2,EV,9,
1116,NL_EV0009_Eindhoven_Centrum_Horeca-3,EV,9,
1119,NL_EV0009_Eindhoven_Centrum_Horeca-4,EV,9,
1120,NL_EV0013_Utrecht_Steenweg_Horeca-1,EV,13,
1124,NL_EV0013_Utrecht_Steenweg_Horeca-2,EV,13,
1128,NL_EV0013_Utrecht_Steenweg_Horeca-3,EV,13,
1129,NL_EV0013_Utrecht_Steenweg_Horeca-4,EV,13,
1130,NL_EV0013_Utrecht_Steenweg_Horeca-5,EV,13,
1131,NL_EV0013_Utrecht_Steenweg_Horeca-6,EV,13,
1132,NL_EV0014_Hilversum_Horeca_1,EV,14,
1133,NL_EV0014_Hilversum_Horeca_2,EV,14,
1134,NL_EV0014_Hilversum_Horeca_3,EV,14,
1135,NL_EV0014_Hilversum_IJs_Maffe-Hoekje,EV,14,
1136,NL_EV0014_Hilversum_Kantine,EV,14,
1137,NL_EV0014_Hilversum_Landingszone,EV,14,
1147,NL_EV0014_Hilversum_Take-Away-1,EV,14,
1154,NL_EV0014_Hilversum_Take-Away-2,EV,14,
1155,NL_EV0014_Hilversum_Take-Away-3,EV,14,
1163,NL_EV0015_Zaandam_Horeca-1,EV,15,
1223,NL_EV0015_Zaandam_Horeca-2,EV,15,
1226,NL_EV0015_Zaandam_Horeca-3,EV,15,
1240,NL_EV0015_Zaandam_Horeca-4,EV,15,
1241,NL_EV0015_Zaandam_Horeca-5,EV,15,
1245,NL_EV0015_Zaandam_Horeca-6,EV,15,
1246,NL_EV0016_Maastricht_Centrum_achteringang,EV,16,
1247,NL_EV0016_Maastricht_Centrum_Buffet,EV,16,
1270,NL_EV0016_Maastricht_Centrum_Damesmode,EV,16,
1271,NL_EV0016_Maastricht_Centrum_Horeca_1,EV,16,
1272,NL_EV0016_Maastricht_Centrum_Horeca_2,EV,16,
1286,NL_EV0016_Maastricht_Centrum_Horeca_3,EV,16,
1287,NL_EV0016_Maastricht_Centrum_Horeca_4,EV,16,
1288,NL_EV0016_Maastricht_Centrum_Kantine,EV,16,
1289,NL_EV0016_Maastricht_Centrum_Recycle,EV,16,
1312,NL_EV0016_Maastricht_Centrum_Take_Away_1,EV,16,
1313,NL_EV0016_Maastricht_Centrum_Take_Away_2,EV,16,
1316,NL_EV0016_Maastricht_Centrum_Take_Away_3,EV,16,
1317,NL_EV0016_Maastricht_Centrum_Take_Away_IJS_65inch,EV,16,
1318,NL_EV0017_Breda_Horeca-1,EV,17,
1328,NL_EV0017_Breda_Horeca-2,EV,17,
1329,NL_EV0017_Breda_Horeca-3,EV,17,
1375,NL_EV0017_Breda_Horeca-4,EV,17,
1392,NL_EV0017_Breda_Horeca-5,EV,17,
1393,NL_EV0017_Breda_Horeca-6,EV,17,
1394,NL_EV0019_Enschede_Horeca_1,EV,19,
1395,NL_EV0019_Enschede_Horeca_2,EV,19,
1398,NL_EV0019_Enschede_Horeca_3,EV,19,
1400,NL_EV0019_Enschede_Horeca_4_Maffe_Hoekje_65_inch,EV,19,
1401,NL_EV0019_Enschede_Restaurant_1_Dual,EV,19,
1402,NL_EV0019_Enschede_TA_1_65_inch,EV,19,
1403,NL_EV0019_Enschede_TA_2,EV,19,
1404,NL_EV0019_Enschede_TA_3,EV,19,
1406,NL_EV0019_Enschede_TA_4,EV,19,
1421,NL_EV0021_Arnhem_Centrum_Horeca_1,EV,21,
1422,NL_EV0021_Arnhem_Centrum_Horeca_2,EV,21,
1423,NL_EV0021_Arnhem_Centrum_Horeca_3,EV,21,
1424,NL_EV0023_Leiden_Horeca-1,EV,23,
1425,NL_EV0023_Leiden_Horeca-2,EV,23,
1426,NL_EV0023_Leiden_Horeca-3,EV,23,
1427,NL_EV0025_Zwolle_Beauty,EV,25,
1428,NL_EV0025_Zwolle_Horeca-1,EV,25,
1429,NL_EV0025_Zwolle_Horeca-2,EV,25,
1440,NL_EV0025_Zwolle_Horeca-3,EV,25,
1441,NL_EV0025_Zwolle_Horeca-4,EV,25,
1442,NL_EV0025_Zwolle_Horeca-5,EV,25,
1448,NL_EV0025_Zwolle_Horeca-6,EV,25,
1476,NL_EV0025_Zwolle_Horeca-7,EV,25,
1477,NL_EV0027_Leeuwarden_Broodjes_1,EV,27,
1478,NL_EV0027_Leeuwarden_Broodjes_2,EV,27,
1479,NL_EV0027_Leeuwarden_Damesmode,EV,27,
1480,NL_EV0027_Leeuwarden_Horeca_1,EV,27,
1481,NL_EV0027_Leeuwarden_Horeca_2,EV,27,
1499,NL_EV0027_Leeuwarden_Horeca_3,EV,27,
1500,NL_EV0027_Leeuwarden_Hotdog,EV,27,
1505,NL_EV0027_Leeuwarden_Kantine,EV,27,
1506,NL_EV0027_Leeuwarden_Take_Away_1,EV,27,
1512,NL_EV0027_Leeuwarden_Take_Away_2,EV,27,
1513,NL_EV0027_Leeuwarden_Take_Away_3,EV,27,
1514,NL_EV0028_Bussum_Horeca-1,EV,28,
1515,NL_EV0028_Bussum_Horeca-2,EV,28,
1516,NL_EV0030_Alkmaar_Horeca_1,EV,30,
1519,NL_EV0030_Alkmaar_Horeca_2,EV,30,
1520,NL_EV0030_Alkmaar_Horeca_3,EV,30,
1521,NL_EV0030_Alkmaar_Horeca_4,EV,30,
1522,NL_EV0030_Alkmaar_IJs-Maffe-Hoekje,EV,30,
1523,NL_EV0030_Alkmaar_Kantine,EV,30,
1525,NL_EV0030_Alkmaar_Landingszone,EV,30,
1546,NL_EV0030_Alkmaar_TakeAway-1,EV,30,
1547,NL_EV0030_Alkmaar_TakeAway-2,EV,30,
1548,NL_EV0030_Alkmaar_TakeAway-3,EV,30,
1553,NL_EV0032_Amstelveen_Horeca-1,EV,32,
1554,NL_EV0032_Amstelveen_Horeca-2,EV,32,
1555,NL_EV0032_Amstelveen_Horeca-3,EV,32,
1567,NL_EV0032_Amstelveen_Horeca-4,EV,32,
1568,NL_EV0032_Amstelveen_Horeca-5,EV,32,
1569,NL_EV0032_Amstelveen_Horeca-6,EV,32,
1571,NL_EV0032_Amstelveen_TA-1,EV,32,
1572,NL_EV0032_Amstelveen_TA-2,EV,32,
1578,NL_EV0032_Amstelveen_TA-3,EV,32,
1579,NL_EV0032_Amstelveen_TA-4 (Bestelzuil),EV,32,
1595,NL_EV0035_Den-Haag_Horeca-1,EV,35,
1596,NL_EV0035_Den-Haag_Horeca-2,EV,35,
1597,NL_EV0035_Den-Haag_Horeca-3,EV,35,
1599,NL_EV0035_Den-Haag_Horeca-4,EV,35,
1600,NL_EV0035_Den-Haag_Horeca-5,EV,35,
1613,NL_EV0035_Den-Haag_Horeca-6,EV,35,
1617,NL_EV0042_Almelo_Horeca-1,EV,42,
1618,NL_EV0042_Almelo_Horeca-2,EV,42,
1619,NL_EV0049_Voorburg_Kantine,EV,49,
1620,NL_EV0049_Voorburg_Landingszone,EV,49,
1625,NL_EV0049_Voorburg_Take-Away-1,EV,49,
1626,NL_EV0049_Voorburg_Take-Away-2,EV,49,
1627,NL_EV0049_Voorburg_Take-Away-3,EV,49,
1628,NL_EV0056_Groningen_Horeca-1,EV,56,
1633,NL_EV0056_Groningen_Horeca-2,EV,56,
1634,NL_EV0056_Groningen_Horeca-3,EV,56,
1635,NL_EV0056_Groningen_TA-1,EV,56,
1636,NL_EV0056_Groningen_TA-2,EV,56,
1637,NL_EV0059_Rotterdam_Zuidplein_Horeca-1,EV,59,
1638,NL_EV0059_Rotterdam_Zuidplein_Horeca-2,EV,59,
1639,NL_EV0059_Rotterdam_Zuidplein_Horeca-3,EV,59,
1640,NL_EV0060_Assen_Horeca-1,EV,60,
1651,NL_EV0060_Assen_Horeca-2,EV,60,
1652,NL_EV0060_Assen_Kantine,EV,60,
1656,NL_EV0060_Assen_Landingszone,EV,60,
1658,NL_EV0060_Assen_Take-Away-1,EV,60,
1661,NL_EV0060_Assen_Take-Away-2,EV,60,
1662,NL_EV0060_Assen_Take-Away-3,EV,60,
1663,NL_EV0063_Sittard_Take_Away_1,EV,63,
1668,NL_EV0063_Sittard_Take_Away_2,EV,63,
1669,NL_EV0069_Beverwijk_Horeca,EV,69,
1679,NL_EV0070_Purmerend_Horeca_Dual_TA,EV,70,
1682,NL_EV0070_Purmerend_Horeca-1,EV,70,
1687,NL_EV0070_Purmerend_Horeca-2,EV,70,
1688,NL_EV0070_Purmerend_Horeca-3,EV,70,
1689,NL_EV0071_Vlissingen_Kantine,EV,71,
1702,NL_EV0071_Vlissingen_Koffie_1,EV,71,
1705,NL_EV0071_Vlissingen_Koffie_2,EV,71,
1706,NL_EV0071_Vlissingen_Koffie_3,EV,71,
1714,NL_EV0071_Vlissingen_Taart_1,EV,71,
1715,NL_EV0071_Vlissingen_Taart_2,EV,71,
1716,NL_EV011_Amsterdam_Kinkerstraat_Horeca_1,EV,11,
1730,NL_EV011_Amsterdam_Kinkerstraat_Horeca_2,EV,11,
1731,NL_EV011_Amsterdam_Kinkerstraat_Horeca_3,EV,11,
1732,NL_EV011_Amsterdam_Kinkerstraat_Ijs_Koffie,EV,11,
1734,NL_EV011_Amsterdam_Kinkerstraat_Kantine,EV,11,
1735,NL_EV011_Amsterdam_Kinkerstraat_Taart_1,EV,11,
1736,NL_EV011_Amsterdam_Kinkerstraat_Taart_2,EV,11,
1753,NL_EV0265_Capelle-ad-IJssel_Horeca_1,EV,265,
1770,NL_EV0265_Capelle-ad-IJssel_Horeca_2,EV,265,
1783,NL_EV0273_Slotermeer_TA-1,EV,273,
1784,NL_EV0273_Slotermeer_TA-2,EV,273,
1785,NL_EV0325_Muiden_Maxis_Horeca_1,EV,325,
1787,NL_EV0325_Muiden_Maxis_Horeca_2,EV,325,
1792,NL_EV0325_Muiden_Maxis_Horeca_3,EV,325,
1793,NL_EV0328_Uithoorn_Winkel,EV,328,
1794,NL_EV0379_Schiphol_TA-1,EV,379,
1795,NL_EV0379_Schiphol_TA-2,EV,379,
1803,NL_EV0379_Schiphol_TA-3,EV,379,
1804,NL_EV0824_Amsterdam_NDSM_TA_LED,EV,824,
1807,NL_EV2079_Amsterdam_Bijlmerplein_Take_Away_1,EV,2079,
1817,NL_EV2079_Amsterdam_Bijlmerplein_Take_Away_2,EV,2079,
1822,NL_EV2150_Amsterdam_CS_Kantine,EV,2150,
1825,NL_EV2150_Amsterdam_CS_TA_1,EV,2150,
1826,NL_EV2150_Amsterdam_CS_TA_2,EV,2150,
1827,NL_EV2150_Amsterdam_CS_TA_3,EV,2150,
1828,NL_EV2150_Amsterdam_CS_TA_4,EV,2150,
1829,NL_EV2150_Amsterdam_CS_TA_5,EV,2150,
1830,NL_EV2151_Leiden_CS_Take_Away_1,EV,2151,
1831,NL_EV2151_Leiden_CS_Take_Away_2,EV,2151,
1832,NL_EV2151_Leiden_CS_Take_Away_3,EV,2151,
1839,NL_EV2152_Utrecht_CS_Take_Away_1,EV,2152,
1844,NL_EV2152_Utrecht_CS_Take_Away_2,EV,2152,
1845,NL_EV2152_Utrecht_CS_Take_Away_3,EV,2152,
1846,NL_EV2152_Utrecht_CS_Take_Away_4,EV,2152,
1851,NL_EV2152_Utrecht_CS_Take_Away_5,EV,2152,
1852,NL_EV2153_Den_Bosch_CS_Horeca_1,EV,2153,
1853,NL_EV2153_Den_Bosch_CS_Horeca_2,EV,2153,
1856,NL_EV2157_Rotterdam_CS_Take_Away_1,EV,2157,
1857,NL_EV2157_Rotterdam_CS_Take_Away_2,EV,2157,
1858,NL_EV2157_Rotterdam_CS_Take_Away_3,EV,2157,
1859,NL_EV2157_Rotterdam_CS_Take_Away_4,EV,2157,
1860,NL_EV2157_Rotterdam_CS_Take_Away_5,EV,2157,
1861,NL_EV2158_Den_Haag_CS_Take_Away_1,EV,2158,
1862,NL_EV2158_Den_Haag_CS_Take_Away_2,EV,2158,
1864,NL_EV2158_Den_Haag_CS_Take_Away_3,EV,2158,
1865,NL_EV2158_Den_Haag_CS_Take_Away_4,EV,2158,
1866,NL_EV2193_Leidschendam_Horeca-1,EV,2193,
1868,NL_EV2193_Leidschendam_Horeca-2,EV,2193,
1869,NL_EV2193_Leidschendam_Horeca-3,EV,2193,
1877,NL_EV2220_Amsterdam_Oostpoort_TA-1,EV,2220,
1897,NL_EV2220_Amsterdam_Oostpoort_TA-2,EV,2220,
1900,NL_EV9991_Naarden_Menu1,EV,9991,
1901,NL_EV9992_Naarden_Menu1,EV,9992,
1902,NL_HEMA_HQ_NDSM_Amsterdam_Restaurant,HE,MA,
